b_voltage,sc_voltage,consumer_1,consumer_2,consumer_3,industry_1,industry_2,industry_3
8.32186814566789,7.156939819375542,1.248252426160621,2.833048166146056,1.516120228728167,5.1355111805702265,7.732059825795991,8.801985079210825
7.316635319256157,8.204820207065953,1.6093068406303028,3.5291312521208407,2.571709566280933,8.316601961383,6.10879256084216,5.213300339733363
8.575793759734147,8.447400381066341,4.68740980061998,2.27662597843228,3.9047205135356045,8.761405650152723,8.748250899518805,7.1296612788514775
8.092104087178091,5.525430476281694,2.8443977206196305,3.639805204517115,3.3987814268639616,7.56926964668614,6.850400242843233,6.679061468395035
6.282532043662949,5.641925803183984,2.8911358910359928,4.800244378497748,2.3708545710198234,5.477793743714802,5.3870115934443845,5.93092858670475
8.926867054910268,7.599092875346855,1.7089420049970903,3.712376243519313,4.384030245231635,8.346562985626177,5.5833292029427195,5.906794607658843
8.28341910597106,4.201154842209409,1.161014959759695,2.7985307536907222,4.569950758749306,7.19445623728883,5.860524872313098,5.652826738871148
8.35819291583086,7.86167653641548,3.99847447569147,4.967230865990513,3.125655246388975,7.253264966791849,6.4723730839864615,7.504637143361877
6.384340898026638,5.458991525621964,3.639982875204605,2.2099211245517125,4.790142398663969,8.648821361634706,5.603972525740271,8.653734639252256
7.351157813686702,2.810997070346879,2.465341954226145,3.9540428507465144,2.6125608164763277,8.609959869691675,8.31635033334361,7.525143669224341
7.112394072697744,2.504414029510606,3.2472757202519973,3.879130140086185,3.035736607005417,7.48058662986219,7.556850639746006,7.761982204871252
8.780294966545805,7.893952477276242,4.628345307638034,2.677203951711241,3.5882871925733006,5.065928802384628,8.8323703166426,7.342415045862319
7.931595360241993,2.3889754183481453,2.3694497332002165,2.632626672924052,2.7602004329342096,8.125863357609687,6.509127356245452,5.049588855663184
8.46828483981249,3.9642800529355915,1.503228073249141,1.3668947162360268,3.6699596925870317,7.038938639505776,7.028760477263716,6.747957153245807
7.330242596481994,4.33891028351082,3.622070953372209,3.651638856840381,1.0790657813707667,6.3588682166483075,5.999304351238888,7.110179497988732
6.681716165354331,3.2109611163411564,2.3061873706871197,1.7912393890367877,4.11260569017605,6.501112558773976,8.879727532199235,5.691709231067726
7.663754361047505,4.197253588613925,4.4425216055845205,1.9867215089045893,3.6713966353919454,6.278662270508348,6.1758418836982845,7.173236704943828
6.191451768312526,7.1988479670756,1.5174512138330978,2.1006101024068533,1.554617984933678,6.997121027896592,7.574961861697092,8.800007082296831
8.482893515977747,2.1027799049204954,2.134083066396917,3.6989461893971116,4.64130764074101,6.14088434197547,7.771086277019986,5.100160812020734
7.894993197366195,7.790213971644805,1.8100896316967439,3.1683161398028767,3.805564404973729,6.049553890934498,6.854878911986371,5.123979153924537
8.274263220256122,7.995836165021907,4.811689873942263,3.4402419315486954,2.0204277241095228,7.470677842214556,7.713242433606833,7.986926859352186
7.063577904389605,4.605831012340837,3.501912627655745,2.2819646467120647,4.904513562766831,7.066298019372049,7.415778659914507,6.584261005113949
8.91209407318471,3.0752902934244437,2.5987045406545475,3.741710883044057,1.092910329387034,5.16501213002625,5.399807423098052,7.619983696805857
8.679363363966592,6.205882855615566,2.6002457845390214,4.500430453290047,3.4409097777329833,8.982221198343105,5.063212956653185,7.2303339873055315
8.335150491221286,2.8377078910542606,2.7757715455839054,4.743749997742904,4.415937504588916,8.004035011530231,8.307099312055515,7.18081960489056
6.583916123555903,4.554435527547768,2.288862695291753,3.1781936081653583,2.959297024369851,7.479663920736421,7.786899781098214,8.435864998773722
7.400163011181102,8.709004266306806,3.5288100004594494,2.3364450678350224,1.976820003063553,5.489158148811274,8.704728785099453,5.10406961420628
6.131411297361686,8.96825130808546,4.650687341022144,4.695497997994025,4.373291543047916,8.3447990038311,5.3069617062387895,5.778512846419689
6.462868476202644,7.404734239482099,4.912817723058245,3.979966103118754,4.058668914247999,5.0155765855245305,6.781026822144163,6.337436906869569
8.049146859727363,4.176730569445364,4.050360367850563,2.922430523769226,2.8258087780570866,5.663971645948109,6.804360643215626,6.609483532688735
8.234286467723452,6.8136553441626475,1.9609051045960126,3.579276777437162,2.157280544409338,8.070644130794966,8.57252122428013,7.610269007068327
8.90252919730263,6.937844558388089,2.0312336388094177,3.343845496384219,2.6399295529001727,5.497641554906096,6.1815631788394025,8.65327318732912
6.977476074414456,4.714891866145548,1.8754264351785288,4.264224067011325,4.442279677177504,5.354937972031557,6.6274233575633055,8.770018476933926
7.111379118104606,6.486220442103116,1.6707980787111238,1.0300281311999995,2.344519874117495,8.802659365877943,6.64481270819557,7.669587552395189
7.408667433827424,2.075093514829734,4.19004334272301,4.356695464937298,1.553316280464197,6.826982393415996,8.013842157745367,5.126325322771994
6.568414077252857,3.46340361021569,4.097343604732204,1.4628166692377178,2.560250360626117,5.576628595685434,7.456795214174397,5.930209049772254
6.389764516006415,5.675618120770828,4.994438060047663,1.7703632929236393,1.6158543303105057,7.664209197076595,6.404891709845193,8.546582232511286
7.427114778677801,3.146259129808071,2.691201330187174,3.4786741038794458,4.731603129653013,8.277037542239945,6.971351200275128,8.09158034837943
6.680728047152653,3.1613480751357352,4.923284582132137,1.2785625463655785,1.5519900693916213,6.0845515449403615,6.9770391072474505,5.789928207453112
8.00944198404753,7.854130033851665,4.1629518955839755,2.082528609083442,4.539396238025443,8.443544674083975,8.29227046627366,8.608598673636005
7.311455756616992,8.923931018785238,3.653813028916347,1.4473792095227087,4.3301171396960285,8.509907924897037,8.83838504823798,5.913344926527704
8.498034588173512,5.891785996199139,1.7054255200323034,2.693981578718615,3.20873971423732,8.727297163181262,7.28485276540799,6.689980335672608
8.100795306006747,7.873488116171994,3.003064596321113,3.7446516624606017,3.610746939477021,7.241495583871492,6.370409426601111,6.154212027843808
6.937099924146123,8.932251650283908,4.96816802211222,4.997687636896751,3.0658376105425638,5.965257351910115,5.329711957828508,6.98625958858875
8.496779404185602,2.991171219981423,1.380796347843456,3.9113731958748734,4.906656312866357,8.55104670285555,7.520607877097539,7.083902531023094
8.414293072490405,5.137719292780457,2.2733055505160813,2.844835543350295,2.6991076992618237,6.714371673003666,6.857606505268768,5.837109390287804
7.162435137090523,4.748009010893439,1.2056766182277174,3.6890577248937793,2.413350780273871,8.291743508772388,5.793531853126112,7.866491026909252
6.8649843117907325,2.560344985523295,4.1498554985260085,4.328480301127945,4.284923146391382,8.039940045984611,7.299476168110937,8.451705499819314
8.047486511924927,7.287311209563211,2.6666639921595205,2.286182728963598,3.9952831186682194,6.1642014098026,8.526468884971454,7.917641838397216
6.41925745082793,5.0364531912581505,4.205557735370892,2.9650297855654646,4.572124078145212,8.194999311047043,7.658318838109256,8.385372067959878
6.599724607425325,5.285288539332809,1.575634784314233,4.516275118635841,1.384380931887525,8.972395450870543,6.680651418098554,8.255662734838282
6.022086809253016,3.0547108166926815,1.6141020882184556,3.1353600530958414,1.27007392074966,7.978319038072135,6.811480662848072,8.707795998930049
8.360773132506415,3.266486565616077,1.2112284056004414,1.002074976662822,2.7452666387770526,6.577703718290379,7.261863665104951,5.423769427963846
7.994552569776096,8.349725355093504,4.09849552516892,1.1393534011196627,3.6090304258634216,5.903100776265065,8.362784682135043,6.586210891315389
8.115496135879006,2.3125436228199523,4.292509269664746,1.6720033943114845,1.587454939285617,6.576336357661033,5.9839240727624805,6.966441337189817
8.342187093065904,3.6299659946059437,4.443203894482144,4.292498439800379,3.1557670650567475,8.22326784540249,8.580656471094958,5.280457728176735
7.376747326615019,4.044415312201698,4.276799517175921,1.371024309697979,2.5779260717550176,7.299282924960462,6.869093471569338,7.457127401886313
7.706223587858681,5.431382796811105,3.9511902244254915,2.0298078372958535,4.009315657734211,6.789102747633077,6.59457928341366,6.887522849717957
6.419390994382972,6.105116211103572,3.0167144175632554,4.001063951792933,2.8587185514293183,7.3279965150256565,7.003932844127107,6.888577804082585
6.34359022060792,5.453029830954666,2.4716173608872705,1.8767568659145293,1.83351736574006,8.271341239832323,7.982591964951431,6.365513976724771
8.005208885371415,2.5888073418981743,4.005963242285584,1.475641392135842,1.3439294004437805,8.202308470061283,8.414602676018001,5.613968821496762
7.413288618429398,3.705672178389995,1.7051654600885207,1.7013860458156875,4.292430491227599,7.330729846923035,6.141247974396855,7.95668928770689
7.6957083194435665,7.905118693337788,2.5940264938968496,4.96155382944193,1.5488450311624495,5.955141317434733,7.685614096692127,6.020498624230536
8.294996572248078,6.463120903349213,3.6141593027745733,2.7949180288050024,2.571672706788296,7.044575053719773,8.794585871664768,6.5252301538257385
7.904154960001772,6.544043350939921,4.500336796216329,4.9023825833135986,4.4914358350967145,8.50295394385283,8.947778324815578,8.499403395220654
7.660738201973987,6.6914227874594845,1.7692027161405322,1.8831916848357362,3.6242955163802533,5.663464118893371,8.278632878140652,5.128597580402245
7.6776214822362405,7.340321133276704,2.156334326552767,3.9389005231223195,3.2656826032385786,6.573207534797231,8.482933493271455,7.75500885103968
6.911850294187836,2.4067593720501312,3.2036350739616117,4.314187699355143,3.8421310869707113,7.130961709351512,6.551456100330482,8.249187785881144
6.092453503703818,4.566258694528287,1.1063110599891668,1.1978365485840627,3.4062338098240628,7.838233615792884,6.873621278462693,8.56993734883864
7.310152167697087,5.776692046831751,2.944768302489102,2.0407386213719656,2.6746243492592066,5.9197920712745296,5.6815660366345,7.571215057334326
6.643754018458588,4.369195383081282,4.031641274931442,4.30644593863172,3.2448922715601767,8.887977370807082,5.989026293227081,5.998681515735306
7.225585931173908,7.911352113010306,2.541477923428412,2.082787045980428,3.087673883077014,5.55799539184876,8.44225422109453,5.905590161645336
8.560209219804499,5.378007560111057,2.258998474257524,3.2563805481888917,3.7066095300385506,7.012714106899551,8.963489912008818,5.048563603688175
6.701818457596023,7.380393126215654,1.2643168436775793,1.004269860090989,1.8491085553629718,7.225944362043176,7.049156170819783,8.22978950564062
6.174908225067198,7.964108618168184,4.578045990875124,3.5851630529142366,1.6878414077480914,6.421126158211107,6.641365435596166,5.671751922395455
6.84415167606599,5.533540380324487,4.561055847294475,2.87982376114936,2.9043670267146426,7.963260926543146,8.138835636752592,5.546653283115321
6.880781273300051,8.36686570709945,4.74216777537062,1.23794676873336,1.860713098514874,6.573828295953287,8.571619981450732,5.010829094703149
7.985749544180685,6.109867583758864,3.3430853006188896,1.7819460383280163,3.7181080368358312,6.195036282490529,7.22016914021019,6.336375438639813
7.671096457023835,7.951920091836052,1.8563691573468808,1.3966278823952574,1.827940638563359,6.088180756710678,6.84014993961285,5.726092432438775
8.35169462731924,4.38413556914067,2.690936137088249,1.7045531966923195,1.5387680996933892,7.118500963837935,7.826783685252904,7.301179810514009
7.9929406209821625,5.491718709720397,4.441127544875764,2.2815888143892313,2.4430347460730144,5.372437323434124,8.377634456662292,5.699911349949953
7.219160584320211,5.719877287032044,1.2210816380049105,2.4294784940082166,2.0592287092863186,8.059248002444514,6.442260443103402,8.13104539222441
8.442061153998104,2.734858011272494,3.441940269367154,1.8215611906896267,4.553461812251362,5.8250916136213835,5.746648414781719,6.9881033848699285
6.5009187597231115,4.789867546910784,4.71866648367822,1.3993242287071608,1.4296118251543088,5.131744058793442,5.9011893551293335,7.896049008737393
6.068136219401581,8.421363707861733,1.4613057524439519,3.478277025241248,1.4878758568384916,8.349533913221702,5.323141455751242,8.528310837752418
6.270143582326925,6.415825682553197,4.409529271721065,4.01708605975157,4.279235432952096,8.190068816212715,8.478737182827862,7.79371421831536
8.167078051789352,3.2425460770587726,3.1042421075440836,4.986708846076613,1.176700411776645,7.6966122691758585,7.100372933379456,7.6111488979652595
7.385631690754162,4.371989449267235,2.6050598567444534,2.2957466757505447,4.794581994850564,8.67643865826642,5.402088005666833,6.263057911384365
6.483815337100806,3.341221067638899,3.3074438339903716,4.224763861778901,1.6813647746340754,5.289819894383488,8.779220687776153,6.781061863997552
7.503134325310091,2.173761922590008,4.914536575601756,2.9945581875052607,2.974688305082583,7.701377882704754,8.364480258017286,8.964000992305955
6.456936308139506,8.492223209528188,4.883538914182951,2.52292944486858,2.590100098219972,5.647129831169063,8.198050422872914,8.549691592546946
8.088961125233208,5.1374512977981,3.3390108112197465,1.5122104421911478,2.2843425056474196,5.1955015074035025,8.016362240742293,6.418901284786202
7.338468826722092,4.152745506945503,1.7728332897805221,1.4131339164281984,4.46457842532408,7.594387165881728,7.056192784155459,6.038969008346548
7.143063678289447,6.189340340904156,3.357324664509904,2.434691166111645,2.6346775094668513,5.540885448015944,5.467788932356833,5.413291430833967
6.904536267443629,2.0512011940511092,2.7260760147494185,3.5325967285788376,4.707077565955974,7.551160160538311,6.405643405598152,5.866533752823489
7.890847779356665,3.9461547462056967,4.731118478627931,2.5659679181226536,2.3170498383910783,7.767540370823612,7.747398263065867,7.156673169427991
7.085437831660172,6.921234259892248,2.80418600074102,3.2717369217139702,2.847271645798993,8.739831267463403,6.541656925765685,8.343451885077172
6.262949757948303,6.436388411484841,3.6350136392668038,3.2175960935190546,2.2828621867763044,5.300557631728785,7.959324376154018,8.95378965532772
6.354017706361546,8.872641632797748,2.3829232230505304,2.5143711502389237,1.3785590729975548,8.386392865151267,7.318658877240237,7.507064257308643
8.885692993648544,6.342503967606309,1.6642505296558925,3.8924552085815445,2.55638684608832,6.413158197747787,7.717940873032416,8.081581532725309
8.725742072122822,5.34254111539413,1.8581558902405746,3.250689642299429,4.022158169893709,8.992913924471416,6.969851668001732,5.245216263093769
8.09912140143225,7.330027942288053,2.0296894493814857,4.307159527694978,4.710019438500199,7.3834318029239405,5.476096599928674,5.97906017422444
6.797609884378558,8.323295103748372,3.389578116295363,3.6757906359663184,1.2103039612922215,6.315119645222949,7.9241194925936425,5.735232495514002
8.907529132043171,7.044871627028461,4.782079564087626,2.569938937059775,4.6956016021817195,5.66301178736941,5.17985696999531,8.492959745415524
8.336252711897384,8.742478564845657,3.3159100990009702,1.0184751953733104,1.1541679972937429,7.774021697424242,5.159785862470506,5.113169222552458
8.150670567476986,7.4740361951672405,3.721675222679688,3.2506720553277324,1.1061297488242974,7.234697185900224,6.130137605146844,7.386905401727715
7.348084506431366,8.067610067833485,3.9738398448895413,4.408581348276726,2.985669929757233,6.738416702723861,8.693250249241018,6.151236059845472
6.816724685535477,2.7987284982854606,2.86302976142902,1.02189243533851,4.1465988499743975,7.716581473755574,5.216217246474397,8.823442136755702
6.289172886460498,7.1268945209565135,2.3228642669844217,4.515054479130159,2.492242350232212,8.923029871633409,7.956298516065649,6.860849886254293
8.707807189631525,5.08062089669158,3.2603116425228222,2.08136715279731,1.6423532503396747,5.879973757309045,8.250065360991858,7.9454163885880895
7.367328869500833,5.871726616878926,4.099631613525312,2.9863619153851264,3.145951695009003,5.887816158243796,6.804861176629062,6.85119575126714
6.607090094385691,6.578716866376498,4.861663813926942,4.854319648888614,4.422568486809614,8.305642199890837,7.7353787373363065,7.572670174160221
6.917869872451957,8.788705816938986,1.7504371710601343,3.3770907772063197,4.51258969862215,7.599309690253113,6.081880317529915,6.486845039318136
7.7376587068256875,8.892046570021373,2.497855745795751,1.4044246637423399,4.243851608959687,5.182649141746825,8.147764543248496,6.731992860679256
6.530318348817695,4.017597718415336,2.9270542054486866,3.2575707214367142,4.928577185271378,6.752953428350294,5.981425059734507,5.837709125837716
8.569842852277127,7.136274482065414,3.4288457219762885,2.6999175426644055,2.479937471388791,7.351287718276117,5.9302120608147035,5.256835406261858
8.27555858950563,7.249884765546881,2.6704771706161825,1.473596332714675,4.179002233670287,8.070029663923593,6.505877737625464,6.520942335597217
8.15838886785281,4.4254500291913415,4.3508674327481645,2.1375885382936355,2.2151864736397764,6.725273126063165,8.260179293632376,6.2833475837592685
7.296279119325311,2.8670884240495473,4.497337025339252,1.0958814221118218,3.0818297750689108,8.032144845031343,8.758179363118174,7.643472783699197
7.88192652210733,2.2866287220000383,2.854702858726004,3.760507078313839,1.653566800597818,6.726724324708099,7.991158892586659,6.831589479005542
7.752293906738207,7.44140189270425,3.673322963180615,2.5069360314995057,3.474859112678568,6.657709084432563,7.101132654290733,6.270889339237176
7.94953980466446,5.427898192718342,1.1603800394911037,2.8469087887380375,3.0890035759294885,5.417000865120005,6.65940802210466,5.495427524517208
6.253332963419667,8.898781186464483,1.8573056114199464,1.5584946167164828,1.7538972120492056,6.641765894221787,7.227734884853801,8.722844724822586
7.247422206511829,5.254814193355571,2.376564312253392,1.3872405972198858,4.789279182918418,5.144889324181214,7.485833626007777,6.830940746600309
6.124842521585677,8.845418853516883,2.619976245983269,4.235878410026996,4.897668492435386,5.081044512816557,5.9981927037548814,5.473941009419207
7.481972457733557,4.881032015358419,1.3229411200109564,3.606677871739976,4.485636346964856,5.867176582925779,6.098280973843673,6.605225341528785
6.989583636998356,7.555775053919808,3.536937735866913,2.7161044854296508,2.724305430551753,7.116157573955562,5.003959975705545,5.647477442514964
6.433572566598141,2.5937349061828243,1.1435955440294356,3.1384030051571012,4.97417198714739,5.374265542435203,7.1986935970509744,6.316299481605079
6.310208903167655,5.888231970964347,4.834830103887736,1.1615969153686527,3.8231880145179526,7.193590944138872,5.887293208698711,5.0969174163503395
7.762933716533136,7.614418508900069,2.2070594667877232,4.611956613624547,1.1804589828371141,8.765467605080987,5.433232484755976,5.507434991846868
6.511778905610658,8.47291167053922,4.743496408044322,4.349902975151108,1.470017529010406,5.5861873060405625,8.92510609597309,7.470640960679985
8.775360355130392,7.758081634322021,1.2392973492691968,4.338830657307744,1.6230306838983175,7.441159806815403,8.946792806074118,5.353755077098619
7.743183419101185,2.2587950904082197,3.139592611903482,4.662979431514838,3.2697924541972934,8.898003570169156,5.816052586216164,7.492286014248142
7.040609413604511,4.608916389147139,2.5889332058912964,2.780064219415969,1.252468682815484,6.680334261211167,6.535807253908713,8.72497331391785
7.772746474444251,2.340889306196959,4.875009285446396,2.242616740324331,1.7574539666914153,5.596910913761025,8.988276044304975,6.516500244366194
6.068411613089093,2.764976037801906,2.144189207361581,4.8574927795659155,1.377144213952028,7.595099615554218,8.871626925933441,5.230404201515899
8.875677639724335,6.727139400672389,4.469212162004725,3.831375577605791,4.3200767166361125,8.691457451700762,7.271245541417374,7.817587515909809
7.4469103108287005,6.992807374181887,4.903590161471586,4.368618622067487,4.773529405111411,5.596736735545393,7.133549723324129,7.694054858900975
8.348205681750859,7.416044779261384,1.507741027163679,4.18315426066788,3.182702776324191,6.824989229550727,5.619940712424227,5.9764763003423065
6.248189999767316,8.05819583638964,3.1739823803194427,4.5956863052820545,4.887215274586845,8.417571163973994,5.137883971331052,7.83544831376325
7.459974992514481,7.176020279335569,3.819353292172724,2.9317535578871357,2.8256154316073814,8.997560146058108,5.0299319844270665,5.644182731279759
7.472120983063562,7.606101144746424,2.5453658288927272,2.4463961182906506,2.5660273667377256,7.696577203572538,5.2399633383413935,7.359159935423436
8.813479364924948,2.3427459687629546,1.359012941004781,1.3097443410417529,4.119479375489247,7.7360004142442245,7.35258539245628,6.460738812084269
7.715184157128226,3.64174605308909,2.7842915716809045,4.722737954178482,3.44888403437581,7.789129183946556,7.377177712055282,5.8305486883756785
7.420468203170861,6.353284413626721,1.140703928737679,1.6300933652699179,1.8232791720520303,7.252542174340439,8.52762886855571,7.6673331427618
6.8009269892756805,8.006877132373763,4.902944097558642,1.8748169046065395,3.063022705152205,6.887166029575388,6.286336411477805,5.343544837750292
6.994706992027656,2.0315008745776137,4.744707726560785,4.90877091965743,1.9454417415341783,5.978508531036114,5.044747012347507,8.946503670099858
7.5620172074146135,5.602405394814449,1.1964705750001605,1.614407330151034,1.2533139148102324,5.88992900851496,8.25950377074149,5.674579527219914
7.31673438091514,6.74101179555078,1.7804969643693456,3.2742788588149416,4.649795185182567,6.134404598422296,6.673109276913467,6.29762265656642
6.064836239640991,2.2072510239002927,3.14887553477736,3.503958226796323,1.8074690064381644,8.193403251039445,8.830773632061693,8.501177934603394
8.478875772583073,4.809488902873715,4.2023344826954006,3.471155634022333,4.4565473167709,5.614311467791026,8.106754705397162,5.591787653218846
8.6884823155193,8.269444169685878,4.7953724280231365,2.391603103026369,1.3623162341417574,8.653524426248406,7.071514302674314,6.3455243522268265
6.420747266995832,6.701289661991011,1.9037158316671299,2.751366262703349,4.782774607297894,5.628101989336772,5.047236352716018,5.991787966643539
7.662108430617148,3.663608543524181,2.513239289493661,4.08309285466148,3.16190676868302,8.656080253125248,8.18904876908891,8.879174831002878
6.32572722340633,7.969467907423389,1.7312350817239062,2.2829364758138064,3.6127675400912747,5.403046084485492,7.368714974022678,6.0286018961231065
8.016720279119435,4.4362199638666,3.691413578739574,2.7390389872361847,1.9145824106484586,7.17176682308963,6.281819542253821,6.1338622009734305
6.843701351517025,7.973412698008416,3.8876271180507054,1.675492166450859,4.746678767460507,7.29538120809839,5.733272647478161,6.876533747888468
7.978267904075706,4.092605557832338,1.7516143161459068,1.4292494513300817,2.9905908094615152,7.6032490601761396,5.512728292731216,8.722377083507617
8.180983842860648,6.132241756182043,3.078198392438776,3.032771659112979,2.746669957355358,7.022898797816499,8.278111887537369,7.615621722484253
8.305942475752971,4.778580474234839,4.979259571318433,2.9451224506823275,2.911786322959324,7.840003764890183,7.864523763971352,8.500399588245891
6.323222837867689,3.923775355285469,2.687064250858245,1.2673030188058516,3.371826524598464,7.454421740187696,6.112868606885558,5.398038571461829
8.748035535412823,8.205902935203085,1.9118710888927297,3.5504359209161995,1.2033338477939086,7.425002477800566,5.265411215082324,5.965173806758121
6.6906419726846424,3.3131557735764394,4.925548405012007,2.8760203160506888,4.587021486362794,5.242828738407647,7.195550356026269,5.641352499771472
6.11223766852854,2.5936811386503416,2.902244692931739,1.241323274296887,4.288854184375228,7.4416292777338935,8.16346052345307,8.28752288308745
7.66455740817445,4.393488569819622,3.5927349186685373,4.12702819029578,2.7126794540354933,6.23817403255051,7.195818130777984,7.252043040345436
7.112766851587316,7.023474033490973,3.5517469769865797,4.4249160151864295,3.52426177148755,6.891548728616666,7.620455565699059,5.840348495294134
8.489369229397239,7.652021241833972,2.390694539343613,3.6501183774647994,3.6874167544562693,8.916972958347177,5.39231930836373,8.316884564812476
8.424754416192906,8.991203590467354,4.8423478500265,2.483649286166677,2.7003270700565247,7.376383947804751,5.979418988774864,7.982700002641199
6.951416678468146,4.074534399078154,4.248491844748237,3.023049258970965,3.946292372462932,5.337923582708288,8.097671337795132,7.359940888972054
8.858698185209235,4.855593657918975,2.8388378578143683,1.8619805672508019,3.9808153711240433,5.443001273585606,5.318022252369481,8.00334533374585
6.8727535144203555,2.957748946207384,1.5246206767388397,1.7943346541252323,3.5072999311368345,6.171743626015349,8.557207403068855,8.048292084120703
7.545171387695143,6.024103507361235,3.989079200768279,4.57875154747126,2.0903459896635668,7.792760978870865,6.114424210533803,7.835778076086472
6.767895271702808,8.983060260840421,1.4428970344022174,4.8241866380905165,1.6176923520885698,8.792590738059335,5.366239337482275,6.304650568014264
8.80813071014689,6.906167070844609,1.790667929018558,2.165317814233863,3.11756541610515,5.938689061846377,6.573000537602667,7.969330619415786
6.493823452746055,6.166489882893602,4.531302264136312,4.042184090919468,3.8326302153705405,6.896970325701546,7.282922424480985,6.256619552313369
6.134731858176987,4.746583650452558,1.7007222714240147,2.430730526103897,2.913619704346712,5.565157068348402,6.067734595750914,8.438721204967948
7.305291180009114,8.407091321998884,1.5897038139423434,2.09371880850669,2.233332815811377,7.409667848613642,6.511954692788935,8.15962392694235
8.977126692167511,5.478416172912446,1.509104793316157,3.2009587676330304,3.8201127860967716,5.257829729819635,6.015564351689543,5.920412616229357
8.675031798764742,2.9405683931914304,1.2797265259074448,2.924492407052599,4.12884478107118,8.941458248672888,7.8243943295710405,7.471143745554217
8.245824058370848,4.557649242393934,3.9919605158097875,4.260292384875017,2.792962532682428,5.019939861177892,5.7372400083594295,7.542165171892313
8.672377472635574,2.4701666819343684,4.282228330559443,1.963012284857078,2.4432422456700613,6.518877305926663,8.697121534716244,8.058896876567031
8.680339919093589,3.413853263821471,1.7054223056712052,2.8699381577142873,2.568240089661773,6.78953629121648,7.998059910153081,8.901617295304886
7.556575081159347,2.1236814669993853,1.9637084656572488,4.007122836923126,2.2553870884465863,6.8439232988058825,7.5701035515541335,8.67465846024518
6.947787155492379,5.172959415501144,2.091217320583343,1.5235613234019802,2.7552868072077947,5.994698648144693,8.546231654665114,5.390178827091931
8.316037296332965,6.4417818546625805,2.211858515349208,2.4770913653638744,1.9439890504822106,7.5937926823505855,8.131352620223137,7.458424877009705
7.984983789503283,4.4030472366523545,4.052621959279602,4.720013389418869,2.9917274111555505,6.982139216610172,7.469388399702744,5.606654835117778
7.12097318662113,4.94267240053694,3.5719936933633303,4.468689106426824,4.995318549334634,5.862282841320873,6.079597375825368,7.391117362520152
6.2834000041845455,8.714464909912031,3.4540659389193284,4.559117866159475,4.634432986222568,6.767604294980282,5.977903369943358,8.531237328578321
8.240368834047079,7.263741851024409,4.165805951230489,2.843725564292441,1.3246160016955972,6.495687361172894,6.784126876919565,6.638804306195978
6.787381547768594,5.785996458614658,1.0632222217605354,2.9088025331316985,2.977258134138471,5.7277718211070106,7.926508061720933,6.793833049075432
8.810439451601338,3.9917861257827765,2.629449551451889,3.272669405165458,3.2086508132177083,5.065028439570874,8.856054809439188,8.263054446381656
6.722911725017054,8.278977591410966,4.346452164130772,1.4346284130490496,1.9007106644221818,7.894237416367213,8.476367482074116,8.627229014422202
6.368273797234458,3.6456798181646164,4.172019915838522,4.391347468894619,4.979296854483471,6.349958825537755,7.443834713666794,7.435231236822377
8.493338016374718,4.277399113616739,4.491648065548336,4.559596028289324,2.2573917705196194,6.069198675242388,5.887809005788268,5.455629019276088
6.459852949873482,8.36345370096064,2.6066465360375055,2.072340419282204,3.4251975927708624,7.637256783665811,8.12367596412312,8.043811918068016
6.5378049244732175,5.706794386995506,4.755221416828153,2.378563546046471,3.228007127525801,6.265101508739898,5.8210394018608085,6.814456713818488
7.798148374562531,7.1962256459258365,2.1851985218139403,1.67919989509083,1.7807421192746227,7.187253840962042,8.676348511874224,8.499292617096216
8.623686122512394,6.135213559146363,1.2317813781525198,4.79717409203703,2.6115184340305184,8.664233325207311,8.40104954054392,8.858324817745245
6.58930399714372,6.5740744630664665,4.336483568008433,3.7253178907587645,1.7676846456443416,6.86199998867623,5.1898939897323775,5.334248128593913
6.930971018700284,4.095683040603779,1.7018489863163513,4.247952806042179,2.0588468424781494,6.561104567089373,6.0307483650919895,5.679762365444269
8.332214514723532,3.6896044313866403,4.653140734807903,1.5602216187579625,3.710834457817878,8.812815098034594,5.78167835364249,8.837517089260924
8.915479278182902,4.257446430180657,4.257895504123736,1.94102555366258,2.104829453826264,8.043355361284828,7.563782688500893,7.704075840357513
7.502223558607027,3.0880909485839574,4.858075544556806,2.058390421384633,2.719828199600191,6.325897294636496,7.585708152233129,5.746768473125061
6.431692507653752,8.120200557035652,2.7300623729694644,2.0121389997187342,4.103164345748362,8.750821730143919,6.207173359842374,6.020746049174169
6.041808863124604,3.9827285327507984,4.087397372916621,2.5132720568951425,4.340503164322935,7.84465119277663,7.625794872264727,6.8051956733732215
6.688968089996566,5.930425760900692,1.8522997375960095,1.0172231026707146,3.284669448222964,7.529784938763145,5.637972287043425,7.693313229607821
6.395466653359563,7.543820975989618,4.9763110898095135,1.1545772393075384,1.8319922948338423,6.0824427807807755,6.091343906705829,5.648719739775139
8.032976020838573,7.486768765629995,3.0756585699483368,4.239762945779482,1.3561680203002129,6.3295085401446585,6.3250042412453125,6.816716046809077
6.365497513885593,5.0687038100893504,2.5809386150355773,3.9883032025195453,2.4861728336254463,5.761678018665398,5.772030144635066,7.1669542866529135
7.518989794861899,5.33380116010708,1.755345681902556,1.7819833095863493,2.640195147659977,5.5155096186819,7.755588031955341,8.775788503450386
8.08278730692866,8.962912242545174,2.9176682992235645,4.447257671264056,3.569009674271974,6.707182486657513,8.604421252602707,5.393266364503457
7.743349827662707,6.722182338853169,3.761607818062006,4.9319486861436275,2.647373761203895,5.171830509502579,7.885475510055359,8.044086291925986
6.599326954980173,7.702469101825179,2.613417612996513,4.6933878709032495,1.9835023480202345,8.372232963863006,5.227270713599926,8.107628219827323
8.412373578546788,8.317877784534623,3.9192609852114666,4.018292552872539,1.3911519897817723,6.506154931186327,6.213350530728794,5.692095685373188
8.146221388847405,7.513128853605375,2.872925622774336,1.802249885286216,1.7415010912099427,8.984063020410108,5.254654357275454,8.308032058431998
8.216952011746626,3.296255414674973,2.855312441851505,2.15771883003226,4.184241790503483,7.557977741962111,7.940321777047469,7.846868479687186
6.3931732546719395,5.9351951361630055,4.63041956556193,4.210882421153462,2.064123490486661,8.43373794029273,5.735168279424434,5.003298467338741
6.371261410951034,2.713259101201814,2.0965375747544335,2.0189134004698697,1.5401523842249443,7.394113956173065,6.415434557293336,5.495149324468551
8.782687653019522,6.5704548859479885,4.775193472414845,2.6081911926282775,1.898757898183495,5.744555016416955,6.326997249836891,5.2809334835468125
7.192734581474822,8.687445997314677,4.386684202032974,2.596781210631162,1.1404672444386663,5.227652808513803,8.664105019329776,6.248410997414785
6.902846075342819,5.589124450100779,1.6477662809985247,3.55700136142468,4.131621096686896,8.92892278989434,8.857468033321599,5.570285129308456
7.4657521360546,5.03080745007437,1.8437375539548517,4.669582357064568,4.403988480208658,7.859697211584764,7.403219556508277,7.762588292420615
7.988592638290747,2.2508992599271425,4.393523016244323,1.9106445871968565,1.2021439546002308,5.384764000057899,5.754240314538232,5.306554645803526
8.86686977114091,8.718421656304542,4.469694157930334,2.2232009149542695,3.4756655246941035,7.416536820868284,8.946364303396365,7.687938150631766
6.859338680646165,2.7210187889111115,4.03986753480292,1.5131730340444807,4.123353418076192,7.8430461400877185,8.938340166173123,7.712046216687185
8.774425287936081,2.2875536531339287,4.754045835844263,3.913499862985636,2.7648909939222324,5.160726290513882,8.46802240342639,6.458713161515185
6.074578474158769,3.722466280534569,4.5067125550068114,3.109830520290236,3.9790837112670165,5.0174544860588615,7.028936710243283,8.748060003505055
7.665594126980474,2.458713037428677,4.282023775434416,3.997411446796024,2.151419504192616,6.029322748779933,6.96605269221136,5.6951075511295635
7.901925335043256,5.185824896882337,1.4713756036233243,1.9533541174482405,3.011499747921413,5.23077068666576,5.322179786852453,7.908043623845422
6.31769221125226,5.612614608799786,3.0211076891723834,3.3305773972581503,2.5804073501915634,8.456297882968595,5.573195357009965,6.153274271241875
6.421018791191738,4.187989643200088,4.147565525800111,4.652615001388831,1.986900213917885,5.780117870579309,5.107423107705712,7.213725479547934
7.257342957948912,2.3567233780242023,3.946092870807552,3.7118874101801786,3.09236199711726,7.79968868055059,7.591509923540282,6.552214189208991
8.898695736429545,2.781202577744587,1.754120935496641,4.180929034330838,4.84250514251533,7.220040983759621,5.376397226544899,5.617214874890738
7.788127659703118,4.691530645929497,3.8873453289344537,4.671439986502936,4.9367410597919985,8.727178478211933,8.046030991279586,8.69095638330067
8.799069664800633,2.423699155785753,2.4082026969569528,3.5528942117053477,2.895730950552312,8.666721137997468,7.597570468430963,8.71295459244866
8.413082746838912,6.887328079269394,4.94651498745292,1.3752312960308997,2.6494996571888985,6.666816412329853,5.014464979139763,5.250284463384638
7.402144804665874,3.4491437906736837,4.502156178108945,2.1362052421060618,4.151171402555491,5.437949302803261,5.3814138127314415,6.406809563401054
8.354290347756562,4.114500981485469,2.531132651121023,4.9199141595606335,4.53411934569483,7.8050832284374305,8.16259522640198,7.360853097378499
6.053510351930964,4.758880440246682,2.2052814306504613,4.08077245415142,2.3474261753330747,5.585744698227918,7.991606408592701,6.419207676550396
6.327431990297205,4.9162674314840356,3.4254513608621404,3.633923073573168,4.31838163634282,5.0519733946871845,6.122354482130998,6.322402216563912
8.488285844648209,2.0116249537236035,1.0978033635280595,1.8806315646091987,3.847671242354315,6.096982140872411,8.247480612750342,8.03970559037636
8.390451264975486,2.7844925969908827,3.2540929478781493,2.9824203128045723,1.2208398268319218,7.782208121650566,5.556020314049061,8.231335638825128
6.697922225899301,8.039351946186146,2.393103533845825,4.460400927642594,1.1235713481441287,7.708703846653295,5.7793507459255675,7.592375721126066
7.5923087717971605,2.008631437583357,2.5857449414592484,4.7805931506830905,1.2035229381800585,6.934046564014724,6.757400247424901,5.448492653889556
7.818047462100033,5.557171490690125,3.998823004178547,2.030450464728146,4.46643532861469,7.073217103380662,5.399727235889454,5.6570135490170665
8.603216861328033,5.426514045550457,3.98427191583746,4.542820683433451,1.863699161725064,5.530185257099051,8.816433116280031,6.13945876177556
7.809321472016177,4.331659127074465,3.1251710192744198,4.117079774299203,1.982798971979924,6.420817294384031,6.288322425184145,8.593001780712575
7.237714707821041,5.019289141025148,1.9229852210688678,1.10872853399034,4.834061175901809,7.251863645339554,8.676639595733247,6.199699623311583
7.122552130221548,7.46406796268609,3.8400675202184935,3.5422414160407394,3.9759788907799636,5.459338697727796,7.224873810896698,6.38214796716007
7.277646259120529,7.888425943504695,3.1264516747817575,2.9045352843616414,2.7981289644940834,8.207627333962993,8.517693635646634,6.890294043628288
7.955793076739923,3.82243980390675,3.561756848414565,1.8061399015695327,4.552234780059479,8.885436096342033,7.2120520253776235,6.08368157354525
8.602471895256974,4.257433086774109,4.2470094848770605,2.3982544458081354,3.3144371872500975,6.955902061377098,5.14924116961171,8.21600464105227
7.361690646228899,3.697379971198329,1.5641091998000585,4.889384991734392,4.611570750521134,5.405740203417684,6.23499395401202,7.261266188019773
6.743518688854074,5.359043803857456,4.687590025996801,2.3286521908138065,1.676538829531423,5.1719005025875955,5.317267596725793,7.784465430452052
6.709987088992744,6.78280850361169,1.8470886538652413,1.3600055641803594,1.4804425204055374,5.287108372243075,6.908331464989506,6.354782533683002
8.238042840730339,3.597770128243944,1.2852181367393816,4.959292276819494,1.2962307334762944,5.912317631825665,5.755115591454661,8.053645174930317
8.449706290271731,4.315150194384067,1.5301683238056545,4.309018382362946,3.3209608669717725,8.80616877260113,5.560718968813327,8.838724876696508
6.315834239562375,8.512692323124053,4.097668818277329,3.52364803109062,4.528700281315793,7.3790500139004145,7.566641621453028,7.839705512570328
6.199676570865535,2.3399850289287065,3.5538701110589623,3.0885003716126036,3.850998775045199,7.816475561418324,8.279244432742754,6.933874605390789
7.783300991269355,5.225387236676964,2.789571007168438,2.384255291618939,2.87060980980085,7.133434350058804,6.295308009853663,5.421030375132468
6.4385197325780945,6.980906291177445,1.6788564203942427,4.186286919210765,2.0428151253437785,7.658560763704877,5.134439876745004,6.102540204333473
8.473992571369024,3.0531780809023186,1.6141261853481899,1.9854089671329072,4.368280607088959,5.3769194577844015,5.762908629290872,7.554923651589523
6.931004021772223,2.331618140038373,2.3208051823909255,3.7441994780236008,4.4256385226229575,7.513906520819672,6.684219651982849,5.360687905957965
6.431615798913428,2.9674376014697152,1.3109786677001685,4.060097620712172,2.23066186551612,6.7334956658376335,6.410979487433174,7.8818366114237985
8.76291141746235,8.43176235471478,1.8664894567361707,3.7556058098118887,4.639186490932936,7.316106432796207,6.966263069347995,6.94792832921998
6.496595168205834,2.064818472747864,2.1800768348495816,3.275335221537276,2.159336455397966,8.865187549041675,8.025176886813803,6.987918241840511
6.854160247013807,3.3182538236794628,3.2171423429057118,3.487448122617362,3.441341555160719,6.91689045155591,5.105916405219854,8.770037053279227
6.460840185576176,2.218984590311512,3.4941854785709836,1.5403191688700963,3.774161878346878,6.276695887069319,6.023756327522975,8.997635701550685
6.346470190996065,2.7744062729354226,3.699001425520893,3.7303524888675326,1.2962822109548253,7.874758686018097,5.189455093197152,5.247541908102306
6.06344404900932,6.341045006398074,2.7873553696566105,2.636140528182919,1.3468459345727966,5.1020062558407915,7.398475598051476,5.286258000247807
6.16618622749278,3.6914723611736004,1.8894717115872428,2.763850527192147,3.971625239432329,8.733553427379722,8.74762616009071,7.184216266992319
6.523924412807558,5.984484353014738,1.9482483079386528,4.318999640499646,3.1831931429578537,7.466555725583803,6.167577606100999,5.255890169633093
6.160145797881526,6.131367679362883,4.04168674073847,2.8902239333474284,2.9967769016888934,7.949841780767262,5.407143954996069,5.3422305640735726
7.773431448332913,7.946047331628453,3.478877557518561,4.711882432663296,2.96725032565164,6.244892436816896,5.049862639351528,6.7361424630252635
8.04214358039852,2.0331897503831176,3.114630152433164,3.407987854110118,3.950060549190903,7.830723640320307,8.205395725687756,7.417229215195685
7.180891370496084,7.973586215396567,1.2874013419449373,3.0627497540878883,2.926366356824174,8.38749681245565,6.626008815068442,8.395088340241907
6.9539732908561485,6.333833604988818,4.686739936950282,2.9740263217453644,2.873282138777324,7.025893241993517,5.892144511993181,8.776582586641863
7.513578711066691,3.1392044027347032,4.8487999541388085,2.802305854403526,1.7235377212883614,6.099883495348466,5.1048059367511724,5.970696171820108
8.625014826703826,7.410561716946988,1.8676644912231533,1.3807501533478965,1.0022725170357778,6.466750245029711,6.405398733157057,7.098670037774287
8.553394880466618,7.9884407925341,2.7277826440019277,4.076970325192885,3.9338657711993434,8.532507528143693,6.169352908438796,7.083082431836676
6.130425186038376,3.779844386279101,1.1285963512114008,3.2799316143761317,1.617132501653904,6.360555814753917,8.287092237492802,5.630406053153914
6.544495228789573,8.431555766318766,4.76430513905879,1.6694599985767171,3.506556870789926,5.414041073240234,7.011981012950407,7.687550343061968
6.7102346133131885,5.181202012090605,2.304953448656227,3.566245303857409,2.6490343858563006,8.182100804363067,7.358499411621265,8.095399045276002
6.748162727496635,6.22397118033325,4.038572209225579,1.9227165013114313,4.6231674116570405,6.570840234243695,5.131470681065876,5.464397231606226
7.7136979552283185,8.892546735323505,3.0008385972534084,4.024372590851412,4.398920765604908,5.154890404915985,6.315774601905971,6.981965365074729
7.248787277109577,4.5307525504743955,4.99531444381922,1.895782662375833,2.1475696542538194,6.4252699346277575,7.242397900265569,6.922436593971151
6.1477623597827815,7.69211542074079,2.001732346927553,2.0514853286391306,3.3297789661575097,7.711771207455762,7.667848654253625,6.272256588434718
7.120842415378715,4.228793824799218,4.974090092583372,4.961112348371017,3.1070929254492308,6.384857821444366,7.340591286565213,7.385729871563367
7.571258846152912,7.594494655690437,3.556108841058695,4.439882174806424,4.731733833814021,6.2587996545485325,6.321271543101701,7.776180052744588
6.305015708711148,6.205137432038497,1.8154425093181756,3.1141669157698115,4.331348218646049,7.589643291504278,5.540203218719099,6.764167518701574
8.500375661365679,3.51448986657781,2.2128083065383666,2.759236169921867,4.942484406048032,8.570824314842362,5.1452227044179,8.420655785936855
6.1558855993953125,4.8981826565246545,4.9401867868834834,4.624427243060726,4.193793379312231,5.652712628256575,7.028994529846864,6.697345715692046
8.774525607054187,4.223449440544932,2.076522002891223,2.28340029626875,3.1891313648194988,5.040517349365835,8.661587748358528,6.8197009093372225
6.297339424739627,2.546758751562547,3.2431094982480486,3.022011277428268,3.5466811196652244,8.81707310704246,6.1469756039168715,8.46510309366389
8.530724854793258,2.2088433906978824,2.6332920905319552,3.9966966292621318,2.3341997059134214,8.689558295982522,7.227329665483122,5.81071115147087
8.707959431782852,4.425350587850266,2.32270798778541,1.508903847567312,1.754848840115677,7.74098972842288,7.1959122661178405,8.778118663410503
8.938712041759779,2.133239034722406,4.4020835156854305,2.785129354321766,1.9114711462113352,6.757088247241967,6.074054590559288,5.553148005976428
8.406077640820781,3.1584143030724254,4.037364400089549,3.2159245032674377,1.084624045693174,7.794534274746718,8.896438475922329,5.113375082285594
8.338432622313986,7.076283245956081,2.2654458293468607,1.7080056444853642,3.6234914439313624,7.961781419112507,8.707721450238667,5.299126136909397
7.927449827986643,6.956638649785115,2.1001241625210114,1.2597871168397745,1.219739956790677,5.440680180424533,7.767828393798835,7.591853503583153
8.336989063734388,7.170062705201679,3.3269091918348597,1.0868938228163585,4.395168452544355,5.275309661264982,8.337691008604626,7.093695391379569
6.403656625239441,4.220072197909851,1.6215884770291025,3.426265340781719,2.778752112042983,8.62878949334645,8.511963523970817,8.250031076200663
7.608204107842912,8.230136199823868,2.77140608492761,1.2871885694401834,4.211009000848863,7.063595584977685,6.0068425669977294,7.023902015644531
7.542668610571243,6.156813836199133,4.57220993901301,1.0440666695369138,1.714416702788471,5.40324551120712,7.635384593893704,5.5359088769160305
8.572716432367672,2.8821843922263857,4.615616755181915,3.1979744512002326,1.6001583129928405,7.044691850002892,5.217527896667271,6.198049961098583
7.388398096780548,3.006030630188739,1.8111618104366354,3.6399449769484566,3.899267288987492,5.928321842679152,7.480126170846682,8.147146848090035
7.15526848830106,6.85166798850791,3.397707234319741,4.812593519650103,2.976254414647108,5.229211818162105,8.401134740621536,8.443070779818418
7.91868981371133,3.2106075550945463,2.2010876485701067,2.908931639903186,2.438665174666444,6.369076297152091,7.636016263881288,6.610452126813798
6.799389952502538,5.551048911074303,1.8976635706987453,1.1838529973605603,2.4088499742604967,5.616763528758526,7.114649674252441,5.345438698006387
6.419305232861871,8.942421331500976,3.845637390838969,1.0737512115007752,2.756714052823739,8.513888621583952,8.697159037638434,8.286452548045615
7.433631822071238,2.0280532331333765,3.5760376057994736,3.441616436697229,4.106593743554864,7.250112483023914,7.230394364501819,8.938429506403718
7.250668105784655,2.1160586132828985,4.24207886263919,3.8468232836775513,1.4111907845789977,5.991606759324732,5.3037934636208295,7.247763694404711
6.697709821586621,8.951592073513545,2.9000897760174427,3.4136238299504345,1.9822641552378064,6.315142391240413,6.289355091232177,5.028341416679792
7.102535430345384,6.092471838939159,1.170207270587106,1.8943612835041876,2.8195776069305554,7.384957638191732,6.056134809102456,5.7514341927707235
7.099177349478742,2.888369828629592,2.6557212762184035,1.7066679253086465,4.297662170733972,5.161727725572015,6.457446305902446,8.515875489545829
6.982486693237636,8.281115398278656,4.702746674946898,1.8053932762108609,4.718291662268887,6.346683230389489,7.716296840478375,8.02618785360763
7.138392239180787,8.162662100893845,1.0714438367007233,4.699849890827782,4.807715160323632,6.312403236760798,8.286562940048166,7.767518638667797
8.057230036367836,5.7534028917796265,1.0482074520637008,4.052077187106992,4.880806290279374,7.236968914803806,5.003969856202516,5.1403630636912325
6.890629423713856,6.352544209025296,4.623608875271113,4.882840644784852,3.2012940227905573,8.963463376424254,8.129135694014238,8.750261035091789
8.846573780146022,3.912310340506134,1.312624559541553,4.399156791220145,3.4553130232360463,8.60921281967211,5.081771932571003,8.167389159164296
8.749044058614533,2.3536378746040363,3.458946976753156,2.669014439434745,3.2873679060844365,6.804582976044618,8.158232816002624,5.026863136653541
7.442731284900236,6.16197326223605,1.6143191163444581,3.9590801062646013,1.3000692294061693,6.152797204802257,8.005295103165208,8.172083154406359
6.985083615014067,4.063286352419341,3.919123068175168,4.395913690499416,2.8898747102579527,7.478858404858496,6.205024757785055,6.241450365151452
7.60630436949001,6.645347326622463,3.0393214642281974,2.248857091688313,4.87783433490235,8.86705585456813,6.756848716936818,6.788502200975348
8.545681466320874,7.853716237898209,3.9324978982381813,2.47595421320138,1.6992295449320203,7.209331000962798,6.6380093474575546,7.210686258389657
7.957762021680306,2.1271238074005483,1.8783183688083653,2.8556891444402,4.770273601257351,6.729341691070232,8.306859678408747,8.636204079193135
8.413175483841233,6.169996422800092,3.9365853830436723,1.8609749927165993,4.438244533675592,8.728441039261448,7.257184823317546,6.768594229857982
7.59816682819722,3.6189637778079655,2.5128020920387244,4.406888731010074,1.9667983919245238,7.820960235167352,8.353294365183626,7.251928968265508
7.898752887802862,8.11721948532661,3.4746424477452704,4.706681952325128,2.0315760365911766,7.799924087289045,7.998917402884992,7.705575106869147
6.864466842547385,3.7756515459327993,3.7717063623434197,4.949250479828575,1.602393148972014,7.9845342229172385,5.834581330223994,6.99349818808719
8.204679486930873,6.2753909326479285,1.3536091628026976,3.6967807697792647,2.3589437909961215,7.353074218420349,5.009911723428092,8.423850035254727
6.607213779377155,5.874785880627281,1.2849779094663645,2.9012224715344166,4.015082718575822,7.440098033779648,5.516545326792813,8.265428290303309
8.084394386455495,4.773165500414742,2.140489601660755,2.340187510020539,4.382797602587889,7.8682278657621785,8.033198173854547,6.568169847447425
8.582157204977682,6.743345345198558,3.0802876490459523,4.370927875225888,2.785557968574838,8.416810026779968,6.656110328529449,7.282036611782365
6.396308511904632,7.080387443008037,4.811900646240414,3.603178358870947,1.4635954612769977,5.002569214799495,7.579492458711449,7.872703168511746
7.843139221625759,5.968564567235708,4.540371952907202,2.957060763323191,1.56655587189162,7.26843746195517,6.986235268174465,8.239745894846834
6.285287244689804,7.308955660293279,1.6107605353656829,3.7501357404394873,1.1894900269179591,7.725490868660968,6.112296158880092,8.836293352319943
8.177146884814281,8.883919531950562,2.146375059655253,1.5591503618794724,2.764309718469137,7.829068776781363,8.951755715649698,8.885045265075473
6.253479656470561,4.934906715305636,2.657415087977445,3.0875057387554237,2.118545316410121,8.675638891240359,8.02148616490123,7.4377174739878695
8.807819468101878,5.6020813631987165,1.1281743575127088,3.457544426140743,2.4948720115294054,5.688682654731696,7.173405669695031,8.061506089577309
6.412223790113407,2.0872891455884925,3.6053399949601856,1.4346678832170738,1.0551094211762013,7.083428634822271,8.47295651362263,5.438623596766793
8.876640737727241,7.572199894172648,1.993176991541171,2.826189291976209,2.576287896673869,6.523761392194537,7.023857674374629,6.729301183476432
8.40265252825529,5.641610469321957,4.241210221093866,2.511350576771296,3.1217647184123156,5.434346191286212,5.614113176178522,8.350469171421949
7.781046013399062,4.855730012523956,3.374062369768769,1.0873255665832464,3.060533507384756,6.937537036805804,5.19488970701091,5.065965035910599
8.34787231388864,2.6585037416257706,2.3793250375953514,2.6851205107330185,1.401149593981001,6.893901607977306,5.657514903697775,7.820503783996887
8.385344516949258,8.22759495172778,4.131282262594581,4.7696170032340905,1.0890752825184,8.181293850111006,5.913186833828423,7.3687077795271225
8.83808118845199,4.7650506802838954,3.4054910512453915,4.055376269153433,2.1392303545995577,5.6177785739415445,6.214330606377548,8.555181976725734
6.760150061517562,6.778071187464542,4.150222339452867,3.529420203065205,4.71665052908428,7.176392365929243,8.5435547805768,5.900991216718028
7.770227686074928,3.0456190945770554,4.924019245415091,1.1693844559948192,2.779751044108025,6.320097372994664,6.883808553827269,6.9203203007781715
6.285147592693203,8.730847406787227,3.187951150312873,1.58697293283061,2.345143321709447,8.990591868734802,5.45778127588452,8.407860142406363
7.848497100072364,3.2490923327528165,4.9505897910258465,1.0649218253698858,2.8100317260975363,8.45472815768748,7.21279452615115,6.3761486730366155
6.513873912278367,3.3967939502964324,4.370618486872784,2.2956050508771537,2.9191940110206134,7.076904417153185,6.169870819226255,8.196429793759759
7.694851834417325,8.012880023903996,4.91218298315192,2.8995073459028156,1.5236852485859962,6.9931166348413205,8.703368715509802,7.490765377424175
7.717291542101549,8.388079208993519,1.2068859666655642,4.781666289759794,2.0632376531002627,7.0572773324587335,7.844277415910609,7.015731857720937
7.397955458943682,3.48503185266311,3.0162556262582036,1.3628070643598744,2.6946204822024202,8.618025401677789,5.737783843547366,8.893394734983623
7.567895326539368,5.288606217223795,4.720422077000496,3.0096519745237535,4.884540607209312,8.248762207404768,8.442933447459477,6.931631329484285
8.291770170019763,7.1344643319398084,2.0353425489495987,3.0181809588157487,4.4381231672373005,8.34880619735039,6.22709633430882,8.047792714256701
8.3977341495362,8.148560136675611,2.793009418214975,2.1179494942807584,4.421901453671527,5.561800633556091,6.228207663850035,6.782930653438932
7.476459646726287,4.653368865261136,2.559557875490436,3.1228931642409363,4.906108265660583,6.2892788725736875,6.548068462496735,8.280418979134792
7.798780324567836,5.619136407946004,1.7459331790234556,2.2056025468807428,1.1242784002793598,6.026703568568671,7.981124688618289,5.294848276446608
8.793708707070305,7.192014873638144,2.567350839640211,1.8007337223394382,3.7201397416315656,8.062956430060243,8.168092971319092,6.606795102009928
6.359200765503369,7.117951836569568,1.7252858350634095,3.6992510096234787,2.0539017127572707,7.889911292669882,8.660553614980397,8.202851894218107
6.351310697700331,7.480720910182594,2.420871336484799,2.39544260818559,3.8670070006544375,6.5617860415878395,6.936854057120257,8.117430179143222
6.263127035732305,5.989536730490684,2.8660370525533723,2.4451955954107323,4.4104908761578,6.170378359396494,8.215530961235494,6.312284570243765
7.973589855121584,2.7323056776334265,3.2878025025648108,1.8553232851119912,4.60036511257473,8.223962329542152,5.347201773402894,5.1775891876423605
7.255824902371138,8.32781303614628,2.3706011841345624,1.1559175101492816,2.9784008958978117,8.990701789479289,8.477828492938755,8.531390013864815
8.32296424842553,8.059007775247197,1.4957522177635112,1.9538657748629702,3.988443490749644,8.80511979042647,6.753265237657951,6.147342218720609
8.013694239925778,7.5866820507283315,1.5230072535052743,4.227776897416143,4.747629152523815,5.5200999800716115,7.004836534153858,5.880193281906431
7.000913274984715,2.6990373401251064,3.426128401631779,3.841436768091317,3.8543464396296696,8.742203426957278,5.016012649771117,5.572786950972486
8.695099642084607,3.430781569570004,4.97123182908178,2.3661530488064915,1.65142620497081,5.985903412333707,5.79582684637278,5.903113746318841
8.287596441211956,7.205202555753564,3.076668939657286,3.132999239326833,1.711649953184578,7.624190420244714,6.310048313252597,7.4600975276134935
6.811604822730527,2.161980662073625,3.452437675976558,1.0564989339072959,4.710673609816887,8.561031734585164,7.410227062102808,7.778131165145526
7.092576053316162,8.854572435950958,2.0582971112850466,1.1582408335607672,1.4329977658994282,6.462013192885429,5.638953870490837,6.2823362497996245
6.943319940612788,4.640012762489765,1.9609957931185669,2.095624674424181,1.1312399979909147,8.857130594816432,7.487245537812548,6.110044477736061
6.4728349458749985,7.035187735835765,2.1174192487749166,1.7717669459739285,2.5144837097380743,6.803661068648415,8.342052149723978,7.673774282823095
6.443350117626575,8.212997619416303,2.540670949423877,2.3560309624115163,2.311695534122816,7.242611362916673,8.540651506535365,7.689758288867161
8.808382390127232,4.762409217050576,1.358925110965005,1.1008197885046487,1.8084572006258663,7.570918923164381,5.759072548843072,5.425554732049632
7.31371211159626,4.233927420197662,4.026597709666461,4.963239062204488,4.714104700229316,8.860568468229596,7.395433480401411,6.662733636585717
7.14995946833223,6.261187902287727,3.0168774221510746,3.127295423111737,2.2583262761433702,7.356083283640871,5.2472478442868615,8.288509095616426
8.189057126032134,6.066925616236355,4.095757754550625,4.0590267517305945,4.377089430329779,5.866582142257344,8.218184025271789,7.137513773054442
7.6589791957586995,4.86397984337358,4.5820183087875375,2.737396992901183,4.06750227242879,6.106288054627611,5.120839792968281,8.263333421306424
8.808419960515387,6.212423291073959,4.225594915183514,2.2338384899910007,4.716968976024599,5.705840565877226,5.207220462559494,8.023510923303522
8.340904481728177,8.547669586965464,1.3773660105586218,4.977076716653132,4.080362872635478,6.400172889491915,6.5573360223666,5.988270349122876
7.438108692373621,5.273481796386175,1.373083621297309,3.6249185924200025,1.1367176437130406,8.436713914787589,6.189318104426128,5.840770279004095
7.129078420442479,3.3771952652544193,4.0807477977767315,4.196891686636221,3.4096410123657908,6.236998905344624,5.812598300669588,6.27062088322083
8.959894634772967,4.640441880181028,4.427441567666282,1.3915331208594388,2.103695368163253,5.331744891472692,5.634120116477833,6.668211533584591
8.15328070801093,4.75874887815183,2.656710086370682,1.169831811312393,2.7928643502846646,8.517867422359505,5.229162986889143,5.850698827040123
8.853583980011523,2.917760851183539,2.060853824450264,2.570940048407012,2.700410527969226,8.633382702166385,8.560058696639686,7.717803333183765
6.355435731651124,3.140100503881884,4.51764693395074,2.0813638821105562,4.574972514865088,5.961894216380951,6.679242244223143,5.84488397775186
8.551601037572349,6.7919345137557405,2.703883859251397,2.311230882775944,3.010048197340584,5.514354036500813,6.519993578055566,7.303286420281401
7.911221651973623,4.376344279462319,2.6709731454513586,2.0294892522205843,3.0107172991842677,6.4397307018592205,7.443298201863879,6.185018941517222
6.365765035005338,8.684288742990653,1.607206932315325,2.4077197720918644,3.2631608774963623,6.383402111043161,8.162694366578439,8.513258923575432
7.764773999907662,3.705177217510252,2.6536329775594343,4.295649444203185,2.026887046140665,6.288136326124208,7.2860632053811045,6.112649135569072
8.058289095316347,2.6924715357337563,4.87908631532404,4.138888083405405,4.870372103989888,5.2133385668297105,7.951428725441632,5.684013932944602
6.0369080576658085,7.274531941001806,4.3525462193212165,1.5684157034065707,3.105840362540055,6.702850094987669,6.948181973516627,5.737886336716423
7.36295388552524,8.16725236342509,1.6799140847831429,4.27290941050903,3.3366485967331836,5.378221402653585,6.392052058684282,8.809143630201273
8.476198533588963,3.946793498100415,2.053797257427623,4.718395888028685,1.4607442132570427,7.460542359953686,6.5256409136116105,5.155643283096859
6.88607707603227,3.4146167115183457,3.255449613885256,3.884162218666902,1.2353941493297271,7.401093125564327,5.36903056374149,7.170176284190106
7.375644245395653,3.30036294409761,3.3914241328248145,4.263604861852377,1.2701092576722135,8.007802033086971,6.694341393179146,6.197645979266097
7.326942381203679,5.654086109565586,3.0489718844265083,2.03422871259496,3.6516978061476832,5.189536935270395,5.099111500646387,6.720106278582085
6.9057821743274745,5.278916488727397,1.4747094683153796,4.748205722682028,4.578914326858927,8.533381082811871,5.9762511151727615,7.296222023127285
8.755325686546662,3.8160788789817395,1.7438976795028367,2.2930635374604185,3.350539898612172,7.737223278719047,5.243319470005446,5.612401503213508
8.343882106294547,2.316211818925985,3.872249346537002,2.770624060641033,1.6251652878439002,6.325107173678268,7.680372696594282,6.7561404489123875
6.331765232988332,5.370439382283965,1.4166059752114863,4.999061347657376,2.821408485773949,7.936780272872982,8.47039146229277,8.033489106394171
8.991103973512718,8.715326433449258,4.490126996593993,2.929504018516458,4.689430554184013,8.968988829252996,8.017444274926598,8.408716780029803
8.637600072923236,6.567634405268643,1.3510375310862024,1.4560767653382038,4.718528750896898,8.329465433860005,7.921063049120186,8.207207266623563
6.851725313592117,5.468545896400329,4.78997218017914,2.2588697898614534,2.4206595479754873,8.73873291146964,6.900829514105171,7.553148095650174
8.510689738982816,2.774844518207313,2.809800939339032,2.6646467202691633,1.7601808638383867,7.059758886291091,8.404147948768292,6.72543841148603
6.319258595614149,3.767054033847111,4.593501535757499,2.013230402822575,3.8210896379106063,8.278907084578933,8.197418300228556,8.847544405474363
8.997314191422715,4.063417647021799,1.2686227109398915,1.1550053261137179,3.6149218903076825,5.995682797029675,7.838478039543649,8.027677990589945
7.997054208319611,7.35362486825064,2.3560634302930414,3.6218375708800052,1.3760848086753215,8.745113971218663,8.627609672222125,7.294103446833793
7.950375046676391,8.136975580852335,4.799405519663454,3.9940578675723817,4.505068932103197,7.316612743455919,5.6691649136169175,8.899850809695085
6.2713221809523985,8.31149297496507,1.5458822161780437,2.2806438755714775,2.4733766568253763,6.020069850813707,7.898944873805169,8.18318001922125
8.691100196689876,8.891980257755279,3.148690593307274,2.187473942029657,1.2425229687576205,6.764862018445524,5.844774880116232,5.755841536878747
6.086998509613409,8.876566781731727,2.475513522949883,2.0181972585091286,2.5436851658528594,8.425984003606366,7.043025946994059,5.360547928153067
6.722484174123441,8.67099392937587,1.787838170480105,2.047585498258942,3.507809361729075,7.868077891051555,6.000684211220118,8.505579003003517
6.429065625499905,2.5027549835201905,2.5526153383122603,2.3815335726779683,3.1356225308894916,6.2382871441199015,5.801083320360572,5.339433774219737
8.330303822076656,2.9645547514946364,4.087442163375703,2.515471825391829,3.3500779702233623,7.04612454655059,6.802950351273149,8.005248578412571
6.594612681638694,4.13126568533223,4.864810501472705,3.0879204564722027,4.639190306070178,6.8584103487721455,6.375263875697485,6.046619662531777
8.731914681392656,5.87028777845123,4.174690497025708,1.2348747266005988,2.7163954858770274,6.112586981879884,8.711391607311256,5.660314408351249
7.96880711798247,2.678845220938355,3.7932736314743525,4.946847649792799,2.8335051646460503,8.9527056982286,6.307677820768899,5.35356094166999
6.108488131484089,7.920578704614997,1.3711418165069578,3.2480366988514713,1.5062551684958412,5.99476152315146,5.233657518218475,8.160119076655663
6.016289502386101,6.3172932535411634,4.0060782411175735,3.0307079898471114,3.893725473509146,7.050211650164422,6.347946475467204,7.64819841852625
6.1549737510431966,5.796550816115435,4.477447307514095,3.5157920686511086,3.4497573170127263,7.522586103801281,8.75948835691036,8.845042066993518
7.817775532943183,3.157179263571038,4.018281181758525,4.36982000581067,4.476215145108011,7.7227351026616216,8.271263708976674,8.169700401340714
8.404445432578246,3.7727883208013813,1.1457207827315332,3.2247611871911572,1.8650772391902057,6.965214130799599,7.817833152133668,5.313036030734281
6.715658461882166,3.122184174875806,4.4413835631271334,3.5935907408134447,2.6808899161297526,8.032084332601228,8.84733202876947,5.339899012502954
8.548226528769218,7.9635321045635905,1.7524169124854052,2.356094503679306,3.815110778160898,8.344463138367418,8.731920106597086,5.904755559208248
6.171695820459782,6.089595020428527,1.8174381808465552,1.374331781353491,4.552115032910204,7.0992447504368155,8.711432901851953,8.840904018091871
8.40289156092503,7.1459059926374335,4.056841398320467,1.7991797226325303,2.1692461737199666,5.511529537409265,6.3960169022218025,7.792578564603426
8.783386290516841,4.07223004037018,4.888280708523543,3.8327379470364695,3.442088016855299,5.886233997543721,6.299082514537924,5.093164240018773
8.316325197313141,4.59876845961794,2.2305139416965214,2.196500576666089,1.1580944747609219,5.614086723724796,7.249317977670975,7.612360265216731
8.094362351935912,4.833984750985737,3.9139274676077256,1.1727009002275381,1.0194293511091161,7.595647324383348,8.113441883112866,6.661125654955166
8.513940655966149,7.320104802208244,3.9179803514439167,4.795495028596502,4.026012190909242,6.093962864964622,5.0623228001701,5.826519304209548
6.120453898641199,7.406470913721977,2.8865607624975147,2.944180998243492,2.7445456905964214,6.2495512488081495,5.712827425921862,5.0805778859864095
6.605346332157167,3.4476946925982217,2.2985746684413346,3.0868568567433607,2.7246038285644603,5.629790434660766,7.664398214270289,7.518341665890383
6.374771037916929,8.590771997166692,3.392671520163099,4.592480322004378,4.980037669295241,8.74273455759217,8.192673165589238,7.271024467364764
7.5135929705789595,2.8445873621058047,1.3149731595316685,2.5387338906453656,1.7228247830672379,5.550225389972845,7.256287275700627,5.2463802436567235
8.235564384986533,8.272854576965413,2.408481895702135,2.149892074193692,1.6981485265071532,6.723539589643411,6.561034515788782,6.711255237451766
7.890035533729196,2.702769519548665,4.056304213685162,2.9851549713169434,4.6769823288689025,6.119303673579148,7.743321790495295,8.363777869195118
8.553393299285805,3.8517786780591776,1.130369772988058,1.2679120525279597,2.6130943317213764,8.07406797039591,7.511008383163521,7.153379197332053
6.465638977323272,7.925349752475698,1.3211092816161485,2.050918385659334,4.944118972306494,5.1243367200321215,7.891735994767685,7.179931758313989
8.203863275805485,3.256444506422612,1.8358384299384563,1.7924709656483628,3.2945626751828363,6.082964202655548,6.311368155413767,8.742427145878965
6.579124472606712,4.894975519169789,2.991993163172627,3.321753188811379,2.5069411128341867,7.497448980468908,6.903649738630113,7.483686958833631
6.812276253953401,5.149015099608883,4.307049439579789,1.5543222057698514,2.7135705833658625,6.654969299942628,6.880729092812064,6.1612370268306815
8.129714091843912,3.7168128111624674,3.7590473937763482,4.472945761131599,2.4782864254270307,6.759413202366578,7.742368929751642,5.159767700345877
8.940614354696045,6.971716409351906,3.270982396375011,1.276559780029046,1.6812763524473158,8.180109629184619,6.131918163445251,7.7302391737299985
7.834630817931209,7.959342545815427,1.276552649864458,3.9115235679940876,2.1522398748885627,7.57090125872024,7.610512196565221,7.432515665023212
6.163500944973887,8.122025978989003,3.894981160767351,1.2655931161730982,4.450191201633302,8.83640735227814,7.033376650781563,7.929276462061406
7.848926909782598,4.375255020155927,4.3421207924443666,1.3557149722011306,1.095026025828746,7.821797324938311,5.945070309113321,6.133223356747303
6.127051654740502,5.7159527600147015,1.2251552519279647,4.414520692586936,1.938813956207583,6.696068392627872,6.110791721852837,6.466972395719839
8.652437134100452,3.7388448270595607,3.1930932714327547,2.704976812720227,4.182102104914408,6.563842455713224,7.415458243753376,5.8795601709402465
8.128734855301863,3.713575510851018,2.9555932058826824,3.002643362645079,4.95636775799961,8.21716746350675,6.750145427086018,7.824976446732988
6.51938353926751,3.128778439963469,1.6005182269970284,4.322815754983726,1.2069989824155392,5.3257699249632715,6.8798615764974675,5.112878128709314
6.275163017472594,8.580133075652602,2.910595078291883,4.545339295732094,3.660855862416485,7.703639967262259,6.374840307988278,8.797011256423314
6.550599686640957,8.215921800239059,3.7408584774645317,2.053269129025942,2.674299165445817,6.2964968584056775,7.255223592070907,6.029550302778459
8.940081538662577,7.4415109932938455,2.466324253996202,3.085772840631977,2.8489117205746726,7.480450515789361,6.868169400532938,6.4825130460225315
7.375681927375469,5.623630649014103,2.3075934075079574,2.2219224494846803,2.0034115666204886,5.8147573963207195,5.446085375885821,5.4795165358266935
8.352242845024223,5.434255408583104,2.4601889875390337,1.5997659117362426,4.488417208014296,8.996160070022214,6.649242907428938,5.007718831493358
7.90922502632333,5.708219663277486,3.4084775673337093,1.5351457023754218,3.7754373368360055,8.811715162504058,5.079919696919251,6.674344502218135
7.717239449875912,5.755976095039625,4.390665871991892,1.9501426882090356,1.6024023773490557,7.869910343882624,8.658396977487048,7.851545165728404
6.435390763995149,5.041941592883832,1.0344690285350082,1.1890013554259404,4.049005393214046,6.854503019600047,8.897768155936413,5.157277532133081
8.838073360674285,2.9222838302444725,4.948745328166775,1.1795212899051064,3.9922838363195705,8.947568810152031,8.397566206833755,8.715720068505437
6.904027897544154,2.879646970079752,1.2874486633638402,3.3685312996146672,4.024301129712951,6.019089696390147,5.569832289137079,7.6532611174908
7.734051647422627,8.665748010919783,2.4368175890709507,1.043738884442655,3.3807574085017036,7.06343775194448,7.092671842977518,8.69847671393287
8.099327833767198,5.374215317104454,4.964978512560111,2.030469691353983,1.7579651087488632,7.480323626613049,6.244255340418359,6.600266225671504
7.947699465735926,8.672438674336323,1.4957035710140598,3.2210224796002245,3.3857803974410934,5.533983340367405,5.769256161102757,5.573400280838154
8.821783229086556,3.14503814397077,4.1690833486816095,4.012293094482039,4.570165979180349,8.241165364845418,7.819493871888476,7.121380070443408
6.445316969760174,5.880915864279535,4.223090793369206,1.9890683323177778,3.2235096195030444,6.4974713345102835,7.673977161297402,8.251621390783043
7.5250582153408265,3.4540207734607744,2.18964783637432,2.3191415182060098,4.727777476919986,8.524932862686835,7.188064912825334,8.279540487278803
7.212103172222298,3.772292242886211,3.727583620268294,4.898361653004423,2.667650146874978,7.0452238136507805,6.898120356751564,8.461727422488401
7.422506188447854,2.2103820513282515,3.1497502934159063,2.948461679665687,1.4291482300949077,6.5454957450586555,6.5836507161628095,6.219645381139665
6.357652578593234,2.8326731751814793,1.9468079781064134,3.1105454424179286,1.269497220532025,7.074806913178467,7.179400134757843,7.641844581241828
6.4022838296182965,8.41793885340437,4.725847717235557,1.4953747277734832,1.7919229856676284,6.7220092404382825,5.871349167534397,8.467368249655504
6.834226637343772,4.250730940376322,4.061284895754547,1.3877381671572548,4.6011123984616376,6.3840034689520575,8.691773679360699,5.829413332105823
6.914113811282494,6.256904483402141,3.9028038828901424,1.2744834284354356,3.7673882451426115,7.240229904944922,7.146460374117809,8.314591391707982
7.28370964104405,5.255098923924911,3.5265141686852712,4.0293977309596745,4.3127914099573434,5.5554055470033195,8.639748691669846,7.125712688688281
7.8329626411098845,4.803158716716948,3.87340225269262,3.3447051810838877,2.2898532743271107,7.344437535657466,7.040665173191068,5.144099627345065
7.903887352254789,5.723202639422476,3.7890946473197165,4.827886338523118,3.350087122115497,6.988362647226392,6.054198650707962,6.370752721511326
7.235432689756711,3.310672612307391,3.6573794737370156,2.748512168799203,4.024483238972298,7.596406396748559,6.990788517896424,5.372872850669841
7.2263493282860916,8.920227289637035,4.9906695693545435,1.6415572962709444,1.8096211180150492,5.292165099047036,5.742630782469481,5.763540586288895
6.652885580090886,7.72815508092704,3.157751034657558,2.925501589046633,3.286279138026875,7.43320302788546,5.711257856182171,8.526877693099083
7.764918745227025,7.191302429120607,1.1962961908970922,2.617105825321796,3.331913048262243,5.839042642453652,5.364525781705531,8.502984065438588
6.951122733951713,5.281315079097667,3.3407654052198508,3.629335847073494,3.880864116010655,6.1813103043069315,6.701690519334943,8.83610553604977
6.108179502832091,3.070139854884352,3.5661888133634263,4.16097262155774,3.4990425387383666,8.777476876631095,7.859667557059671,5.275755806930219
7.2552001324705815,8.444661007914975,3.150030650148818,3.4247857155512436,1.4047734670133294,7.37336050164559,8.956311740169031,8.787664913695922
7.422398025270511,4.389709471672093,2.09262616290208,3.109599122632525,4.491948861606828,5.424009970079771,6.583869212361474,6.262146983611357
6.6767786046126325,2.3507468278785364,3.7162062251519723,1.3616323138875903,3.3690998017776175,5.518912427619622,7.779193244995044,6.095393457440947
7.717373799366347,4.3968257376744,1.8869519505483958,3.9360662391548917,4.309763410034989,6.379463212501191,5.361435506805671,6.991870235114662
7.6973157012957625,7.56119921347119,3.3738250903598934,3.365450439006839,2.354365772843256,5.632671454608226,6.7283616943179565,5.573368888413206
8.106006543331114,6.358961214917457,2.7850000846452376,4.456433415261381,3.893281323868626,8.815399559800582,5.57993013278857,7.0875486154025324
7.94384544660363,7.255870093214018,3.0790146387833723,2.472929544993484,1.2015189531542174,5.7879193012759504,5.305447213890437,5.809234475368393
7.957299169563095,7.555447687036642,1.5720296053055405,1.7721007581574826,2.493534173034699,5.219096429561745,5.557589532483956,6.973936631052868
6.948642455472129,3.483682277563798,4.776574588305099,3.0206135794349946,1.9393606530369243,7.607262084230297,5.349359260287134,6.7640744956170735
8.362296665957862,8.466483212652262,1.4230005498460563,2.353222098411856,4.262922542204228,7.324988091413408,5.936902704844246,6.4883136460641015
7.6474331507990385,5.0659272204426085,2.5333711736420317,4.090023224089654,4.210819904507515,5.287339478934435,5.88052432093238,6.86701170367576
7.2942545855396705,6.473095544849152,1.4432830787948165,3.434639010507135,4.836384253484443,8.96176871570129,8.985060251756533,8.918486724497152
7.878037442823171,2.016161408107194,2.6085522996142156,1.203776356012089,4.693210761031514,6.69234554520131,5.32272151365866,6.294293748997334
7.081972003350763,8.953579488878246,4.534665126289932,3.088565788836007,3.2090124813760386,5.95085750148391,5.056506299639418,5.380934441153501
7.538217733820275,3.966274701749086,1.8469644111044996,4.277803022178549,2.9944001535685056,6.812767740196264,6.3586498552171875,5.721414886537932
